name,link,year_from,year_to,college,active
Mike D'Antoni,/players/d/dantomi01.html,1974,1977,Marshall,false
Quintin Dailey,/players/d/dailequ01.html,1983,1992,San Francisco,false
Samuel Dalembert,/players/d/dalemsa01.html,2002,2015,Seton Hall,false
Erick Dampier,/players/d/dampier01.html,1997,2012,Mississippi State,false
Louie Dampier,/players/d/dampilo01.html,1968,1979,Kentucky,false
Bob Dandridge,/players/d/dandrbo01.html,1970,1982,Norfolk State,false
Antonio Daniels,/players/d/daniean01.html,1998,2011,Bowling Green,false
Erik Daniels,/players/d/danieer01.html,2005,2005,Kentucky,false
Lloyd Daniels,/players/d/daniell01.html,1993,1998,Mount San Antonio College,false
Marquis Daniels,/players/d/daniema01.html,2004,2013,Auburn,false
Mel Daniels,/players/d/danieme01.html,1968,1977,New Mexico,false
Troy Daniels,/players/d/danietr01.html,2014,2019,Virginia Commonwealth,true
Sasha Danilović,/players/d/danilsa01.html,1996,1997,,false
Adrian Dantley,/players/d/dantlad01.html,1977,1991,Notre Dame,false
Yinka Dare,/players/d/dareyi01.html,1995,1998,George Washington,false
Luigi Datome,/players/d/datomlu01.html,2014,2015,,false
Brad Daugherty,/players/d/daughbr01.html,1987,1994,UNC,false
Kornél Dávid,/players/d/davidko01.html,1999,2001,,false
Jermareo Davidson,/players/d/davidje01.html,2008,2009,Alabama,false
Brandon Davies,/players/d/daviebr01.html,2014,2015,BYU,false
Anthony Davis,/players/d/davisan02.html,2013,2019,Kentucky,true
Antonio Davis,/players/d/davisan01.html,1994,2006,Texas-El Paso,false
Baron Davis,/players/d/davisba01.html,2000,2012,UCLA,false
Ben Davis,/players/d/davisbe01.html,1997,2000,"Kansas, Arizona",false
Brad Davis,/players/d/davisbr01.html,1978,1992,Maryland,false
Brian Davis,/players/d/davisbr02.html,1994,1994,Duke,false
Charles Davis,/players/d/davisch02.html,1982,1990,Vanderbilt,false
Dale Davis,/players/d/davisda01.html,1992,2007,Clemson,false
Deyonta Davis,/players/d/davisde01.html,2017,2019,Michigan State,true
Dwight Davis,/players/d/davisdw01.html,1973,1977,Houston,false
Ed Davis,/players/d/davised01.html,2011,2019,UNC,true
Emanual Davis,/players/d/davisem01.html,1997,2003,Delaware State University,false
Glen Davis,/players/d/davisgl01.html,2008,2015,LSU,false
Harry Davis,/players/d/davisha01.html,1979,1980,Florida State,false
Hubert Davis,/players/d/davishu01.html,1993,2004,UNC,false
Johnny Davis,/players/d/davisjo01.html,1977,1986,Dayton,false
Josh Davis,/players/d/davisjo02.html,2004,2012,Wyoming,false
Mark Davis,/players/d/davisma01.html,1989,1989,Old Dominion,false
Mark Davis,/players/d/davisma02.html,1996,2000,"Howard College, Texas Tech",false
Mel Davis,/players/d/davisme01.html,1974,1977,St. John's,false
Mickey Davis,/players/d/davismi02.html,1972,1977,Duquesne,false
Mike Davis,/players/d/davismi03.html,1983,1983,Maryland,false
Monti Davis,/players/d/davismo01.html,1981,1981,Tennessee State,false
Paul Davis,/players/d/davispa01.html,2007,2010,Michigan State,false
Ricky Davis,/players/d/davisri01.html,1999,2010,Iowa,false
Ron Davis,/players/d/davisro01.html,1977,1982,Washington State,false
Terry Davis,/players/d/daviste01.html,1990,2001,Virginia Union University,false
Tyler Davis,/players/d/davisty01.html,2019,2019,Texas A&M,true
Walter Davis,/players/d/daviswa03.html,1978,1992,UNC,false
Andre Dawkins,/players/d/dawkian01.html,2015,2015,Duke,false
Darryl Dawkins,/players/d/dawkida01.html,1976,1989,,false
Johnny Dawkins,/players/d/dawkijo01.html,1987,1995,Duke,false
Paul Dawkins,/players/d/dawkipa01.html,1980,1980,Northern Illinois,false
Branden Dawson,/players/d/dawsobr01.html,2016,2016,Michigan State,false
Eric Dawson,/players/d/dawsoer01.html,2012,2012,Midwestern State University,false
Tony Dawson,/players/d/dawsoto01.html,1991,1995,Florida State,false
Todd Day,/players/d/dayto01.html,1993,2001,Arkansas,false
Austin Daye,/players/d/dayeau01.html,2010,2015,Gonzaga,false
Darren Daye,/players/d/dayeda01.html,1984,1988,UCLA,false
Nando De Colo,/players/d/decolna01.html,2013,2014,,false
Greg Deane,/players/d/deanegr01.html,1980,1980,Utah,false
Andrew DeClercq,/players/d/declean01.html,1996,2005,Florida,false
Dewayne Dedmon,/players/d/dedmode01.html,2014,2019,USC,true
Terry Dehere,/players/d/deherte01.html,1994,1999,Seton Hall,false
Bryce Dejean-Jones,/players/d/dejeabr01.html,2016,2016,"USC, UNLV, Iowa State",false
Sam Dekker,/players/d/dekkesa01.html,2016,2019,Wisconsin,true
Vinny Del Negro,/players/d/delnevi01.html,1989,2002,NC State,false
Malcolm Delaney,/players/d/delanma01.html,2017,2018,Virginia Tech,true
Bison Dele,/players/d/delebi01.html,1992,1999,"Maryland, Arizona",false
Carlos Delfino,/players/d/delfica01.html,2005,2013,,false
Ángel Delgado,/players/d/delgaan01.html,2019,2019,Seton Hall,true
Tony Delk,/players/d/delkto01.html,1997,2006,Kentucky,false
Matthew Dellavedova,/players/d/dellama01.html,2014,2019,Saint Mary's,true
Fennis Dembo,/players/d/dembofe01.html,1989,1989,Wyoming,false
Larry Demic,/players/d/demicla01.html,1980,1982,Arizona,false
Dell Demps,/players/d/dempsde01.html,1994,1997,University of the Pacific,false
Luol Deng,/players/d/denglu01.html,2005,2019,Duke,true
Kenny Dennard,/players/d/dennake01.html,1982,1984,Duke,false
Justin Dentmon,/players/d/dentmju01.html,2012,2013,Washington,false
Randy Denton,/players/d/dentora01.html,1972,1977,Duke,false
DeMar DeRozan,/players/d/derozde01.html,2010,2019,USC,true
Marcus Derrickson,/players/d/derrima01.html,2019,2019,Georgetown,true
Derrick Dial,/players/d/dialde01.html,2000,2004,Eastern Michigan University,false
Cheick Diallo,/players/d/diallch01.html,2017,2019,Kansas,true
Hamidou Diallo,/players/d/diallha01.html,2019,2019,Kentucky,true
Boris Diaw,/players/d/diawbo01.html,2004,2017,,false
Yakhouba Diawara,/players/d/diawaya01.html,2007,2010,Pepperdine,false
Guillermo Díaz,/players/d/diazgu01.html,2008,2008,Miami (FL),false
Dan Dickau,/players/d/dickada01.html,2003,2008,"Washington, Gonzaga",false
Kaniel Dickens,/players/d/dickeka01.html,2004,2008,"Tyler Junior College, University of Idaho",false
Henry Dickerson,/players/d/dickehe01.html,1976,1977,University of Charleston,false
Michael Dickerson,/players/d/dickemi01.html,1999,2003,Arizona,false
Derrek Dickey,/players/d/dickede01.html,1974,1978,Cincinnati,false
Travis Diener,/players/d/dienetr01.html,2006,2010,Marquette,false
Gorgui Dieng,/players/d/dienggo01.html,2014,2019,Louisville,true
Coby Dietrick,/players/d/dietrco01.html,1971,1983,San Jose State,false
Ernie DiGregorio,/players/d/digreer01.html,1974,1978,Providence,false
Mickey Dillard,/players/d/dillami01.html,1982,1982,Florida State,false
Byron Dinkins,/players/d/dinkiby01.html,1990,1991,UNC Charlotte,false
Spencer Dinwiddie,/players/d/dinwisp01.html,2015,2019,Colorado,true
Ike Diogu,/players/d/dioguik01.html,2006,2012,Arizona State,false
DeSagana Diop,/players/d/diopde01.html,2002,2013,,false
Vlade Divac,/players/d/divacvl01.html,1990,2005,,false
Donte DiVincenzo,/players/d/divindo01.html,2019,2019,Villanova,true
Juan Dixon,/players/d/dixonju01.html,2003,2009,Maryland,false
Michael Doleac,/players/d/doleami01.html,1999,2008,Utah,false
James Donaldson,/players/d/donalja01.html,1981,1995,Washington State,false
Luka Dončić,/players/d/doncilu01.html,2019,2019,,true
Billy Donovan,/players/d/donovbi01.html,1988,1988,Providence,false
Keyon Dooling,/players/d/doolike01.html,2001,2013,Missouri,false
Jacky Dorsey,/players/d/dorseja01.html,1978,1981,Georgia,false
Joey Dorsey,/players/d/dorsejo01.html,2009,2015,Memphis,false
Tyler Dorsey,/players/d/dorsety01.html,2018,2019,Oregon,true
Damyean Dotson,/players/d/dotsoda01.html,2018,2019,"Oregon, Houston",true
Quincy Douby,/players/d/doubyqu01.html,2007,2009,Rutgers University,false
Bruce Douglas,/players/d/douglbr01.html,1987,1987,Illinois,false
John Douglas,/players/d/dougljo01.html,1982,1983,Kansas,false
Leon Douglas,/players/d/douglle01.html,1977,1983,Alabama,false
Sherman Douglas,/players/d/douglsh01.html,1990,2001,Syracuse,false
Toney Douglas,/players/d/douglto01.html,2010,2017,"Auburn, Florida State",true
Chris Douglas-Roberts,/players/d/douglch01.html,2009,2015,Memphis,false
Zabian Dowdell,/players/d/dowdeza01.html,2011,2011,Virginia Tech,false
Milton Doyle,/players/d/doylemi01.html,2018,2018,Loyola Chicago,true
PJ Dozier,/players/d/doziepj01.html,2018,2019,South Carolina,true
Terry Dozier,/players/d/doziete01.html,1990,1990,South Carolina,false
Goran Dragić,/players/d/dragigo01.html,2009,2019,,true
Zoran Dragić,/players/d/dragizo01.html,2015,2015,,false
Greg Dreiling,/players/d/dreilgr01.html,1987,1997,"Wichita State, Kansas",false
Bryce Drew,/players/d/drewbr01.html,1999,2004,Valparaiso,false
John Drew,/players/d/drewjo01.html,1975,1985,Gardner-Webb University,false
Larry Drew,/players/d/drewla01.html,1981,1991,Missouri,false
Larry Drew,/players/d/drewla02.html,2015,2018,"UNC, UCLA",true
Clyde Drexler,/players/d/drexlcl01.html,1984,1998,Houston,false
Nate Driggers,/players/d/driggna01.html,1997,1997,University of Montevallo,false
Predrag Drobnjak,/players/d/drobnpr01.html,2002,2005,,false
Ralph Drollinger,/players/d/drollra01.html,1981,1981,UCLA,false
Andre Drummond,/players/d/drumman01.html,2013,2019,UConn,true
Kevin Duckworth,/players/d/duckwke01.html,1987,1997,Eastern Illinois University,false
Charles Dudley,/players/d/dudlech01.html,1973,1979,Washington,false
Chris Dudley,/players/d/dudlech02.html,1988,2003,Yale,false
Jared Dudley,/players/d/dudleja01.html,2008,2019,Boston College,true
Terry Duerod,/players/d/duerote01.html,1980,1983,Detroit Mercy,false
Chris Duhon,/players/d/duhonch01.html,2005,2013,Duke,false
Duje Dukan,/players/d/dukandu01.html,2016,2016,Wisconsin,false
Joe Dumars,/players/d/dumarjo01.html,1986,1999,McNeese State University,false
Richard Dumas,/players/d/dumasri02.html,1993,1996,Oklahoma State,false
Tony Dumas,/players/d/dumasto01.html,1995,1998,University of Missouri-Kansas City,false
Tim Duncan,/players/d/duncati01.html,1998,2016,Wake Forest,false
Mike Dunleavy,/players/d/dunlemi01.html,1977,1990,South Carolina,false
Mike Dunleavy,/players/d/dunlemi02.html,2003,2017,Duke,false
Kris Dunn,/players/d/dunnkr01.html,2017,2019,Providence,true
T.R. Dunn,/players/d/dunntr01.html,1978,1991,Alabama,false
Ronald Dupree,/players/d/duprero01.html,2004,2011,LSU,false
Kevin Durant,/players/d/duranke01.html,2008,2019,Texas,true
John Duren,/players/d/durenjo01.html,1981,1983,Georgetown,false
Pat Durham,/players/d/durhapa01.html,1993,1995,Colorado State,false
Devin Durrant,/players/d/durrade01.html,1985,1986,BYU,false
Trevon Duval,/players/d/duvaltr01.html,2019,2019,Duke,true
Craig Dykema,/players/d/dykemcr01.html,1982,1982,Cal State Long Beach,false
Jerome Dyson,/players/d/dysonje01.html,2012,2012,UConn,false