name,link,year_from,year_to,college,active
Ledell Eackles,/players/e/eacklle01.html,1989,1998,University of New Orleans,false
Jim Eakins,/players/e/eakinji01.html,1969,1978,BYU,false
Acie Earl,/players/e/earlac01.html,1994,1997,Iowa,false
Cleanthony Early,/players/e/earlycl01.html,2015,2016,Wichita State,false
Mark Eaton,/players/e/eatonma01.html,1983,1993,UCLA,false
Jerry Eaves,/players/e/eavesje01.html,1983,1987,Louisville,false
Devin Ebanks,/players/e/ebankde01.html,2011,2013,West Virginia,false
Al Eberhard,/players/e/eberhal01.html,1975,1978,Missouri,false
Ndudi Ebi,/players/e/ebind01.html,2004,2005,,false
Jarell Eddie,/players/e/eddieja01.html,2016,2018,Virginia Tech,true
Patrick Eddie,/players/e/eddiepa01.html,1992,1992,"Arkansas State University, University of Mississippi",false
Kenton Edelin,/players/e/edelike01.html,1985,1985,Virginia,false
Keith Edmonson,/players/e/edmonke01.html,1983,1984,Purdue,false
Tyus Edney,/players/e/edneyty01.html,1996,2001,UCLA,false
Bill Edwards,/players/e/edwarbi01.html,1994,1994,Wright State University,false
Blue Edwards,/players/e/edwarbl01.html,1990,1999,East Carolina University,false
Corsley Edwards,/players/e/edwarco01.html,2005,2005,Central Connecticut State University,false
Doug Edwards,/players/e/edwardo01.html,1994,1996,Florida State,false
Franklin Edwards,/players/e/edwarfr01.html,1982,1988,Cleveland State University,false
James Edwards,/players/e/edwarja01.html,1978,1996,Washington,false
Jay Edwards,/players/e/edwarja02.html,1990,1990,Indiana,false
John Edwards,/players/e/edwarjo01.html,2005,2006,Kent State University,false
Kevin Edwards,/players/e/edwarke01.html,1989,2001,DePaul,false
Shane Edwards,/players/e/edwarsh01.html,2014,2014,Little Rock,false
Vince Edwards,/players/e/edwarvi01.html,2019,2019,Purdue,true
Craig Ehlo,/players/e/ehlocr01.html,1984,1997,Washington State,false
Howard Eisley,/players/e/eisleho01.html,1995,2006,Boston College,false
Obinna Ekezie,/players/e/ekeziob01.html,2000,2005,Maryland,false
Khalid El-Amin,/players/e/elamikh01.html,2001,2001,UConn,false
Mario Elie,/players/e/eliema01.html,1991,2001,American International College,false
Henry Ellenson,/players/e/ellenhe01.html,2017,2019,Marquette,true
Wayne Ellington,/players/e/ellinwa01.html,2010,2019,UNC,true
Bob Elliott,/players/e/elliobo01.html,1979,1981,Arizona,false
Sean Elliott,/players/e/elliose01.html,1990,2001,Arizona,false
Bo Ellis,/players/e/ellisbo02.html,1978,1980,Marquette,false
Dale Ellis,/players/e/ellisda01.html,1984,2000,Tennessee,false
Harold Ellis,/players/e/ellisha01.html,1994,1998,Morehouse College,false
LaPhonso Ellis,/players/e/ellisla01.html,1993,2003,Notre Dame,false
LeRon Ellis,/players/e/ellisle02.html,1992,1996,"Kentucky, Syracuse",false
Monta Ellis,/players/e/ellismo01.html,2006,2017,,false
Pervis Ellison,/players/e/ellispe01.html,1990,2001,Louisville,false
Len Elmore,/players/e/elmorle01.html,1975,1984,Maryland,false
Francisco Elson,/players/e/elsonfr01.html,2004,2012,Cal,false
Darrell Elston,/players/e/elstoda01.html,1975,1977,UNC,false
Melvin Ely,/players/e/elyme01.html,2003,2014,Fresno State,false
Joel Embiid,/players/e/embiijo01.html,2017,2019,Kansas,true
Andre Emmett,/players/e/emmetan01.html,2005,2012,Texas Tech,false
Chris Engler,/players/e/englech01.html,1983,1988,"Minnesota, Wyoming",false
Wayne Englestad,/players/e/englewa01.html,1989,1989,"University of California, Irvine",false
A.J. English,/players/e/engliaj01.html,1991,1992,Virginia Union University,false
Alex English,/players/e/englial01.html,1977,1991,South Carolina,false
Jo Jo English,/players/e/englijo01.html,1993,1995,South Carolina,false
Kim English,/players/e/engliki01.html,2013,2013,Missouri,false
James Ennis,/players/e/ennisja01.html,2015,2019,Cal State Long Beach,true
Tyler Ennis,/players/e/ennisty01.html,2015,2018,Syracuse,true
Ray Epps,/players/e/eppsra01.html,1979,1979,Norfolk State,false
Semih Erden,/players/e/erdense01.html,2011,2012,,false
Keith Erickson,/players/e/erickke01.html,1966,1977,UCLA,false
Julius Erving,/players/e/ervinju01.html,1972,1987,UMass,false
Evan Eschmeyer,/players/e/eschmev01.html,2000,2003,Northwestern,false
Vincenzo Esposito,/players/e/esposvi01.html,1996,1996,,false
Drew Eubanks,/players/e/eubandr01.html,2019,2019,Oregon State,true
Brian Evans,/players/e/evansbr01.html,1997,1999,Indiana,false
Earl Evans,/players/e/evansea01.html,1980,1980,"USC, UNLV",false
Jacob Evans,/players/e/evansja02.html,2019,2019,Cincinnati,true
Jawun Evans,/players/e/evansja01.html,2018,2019,Oklahoma State,true
Jeremy Evans,/players/e/evansje01.html,2011,2018,Western Kentucky,true
Maurice Evans,/players/e/evansma01.html,2002,2012,"Wichita State, Texas",false
Mike Evans,/players/e/evansmi01.html,1980,1988,Kansas State,false
Reggie Evans,/players/e/evansre01.html,2003,2015,Iowa,false
Tyreke Evans,/players/e/evansty01.html,2010,2019,Memphis,true
Daniel Ewing,/players/e/ewingda01.html,2006,2007,Duke,false
Patrick Ewing,/players/e/ewingpa01.html,1986,2002,Georgetown,false
Patrick Ewing,/players/e/ewingpa02.html,2011,2011,"Indiana, Georgetown",false
Dante Exum,/players/e/exumda01.html,2015,2019,,true
Christian Eyenga,/players/e/eyengch01.html,2011,2012,,false
Festus Ezeli,/players/e/ezelife01.html,2013,2016,Vanderbilt,false