name,link,year_from,year_to,college,active
Kenneth Faried,/players/f/farieke01.html,2012,2019,Morehead State University,true
Jordan Farmar,/players/f/farmajo01.html,2007,2017,UCLA,false
Desmon Farmer,/players/f/farmede01.html,2007,2009,USC,false
Jim Farmer,/players/f/farmeji01.html,1988,1994,Alabama,false
Tony Farmer,/players/f/farmeto01.html,1998,2000,"San Jose State, Nebraska",false
V�tor Faverani,/players/f/favervi01.html,2014,2014,,false
Derrick Favors,/players/f/favorde01.html,2011,2019,Georgia Tech,true
Nick Fazekas,/players/f/fazekni01.html,2008,2008,Nevada,false
Butch Feher,/players/f/feherbu01.html,1977,1977,Vanderbilt,false
Jamie Feick,/players/f/feickja01.html,1997,2001,Michigan State,false
Dave Feitl,/players/f/feitlda01.html,1987,1992,Texas-El Paso,false
Kay Felder,/players/f/feldeka01.html,2017,2018,Oakland,true
Cristiano Fel�cio,/players/f/feliccr01.html,2016,2019,,true
Carrick Felix,/players/f/felixca01.html,2014,2014,Arizona State,false
Noel Felix,/players/f/felixno01.html,2006,2006,Fresno State,false
Raymond Felton,/players/f/feltora01.html,2006,2019,UNC,true
Desmond Ferguson,/players/f/fergude01.html,2004,2004,"Missouri, Detroit Mercy",false
Terrance Ferguson,/players/f/fergute01.html,2018,2019,,true
Rudy Fern�ndez,/players/f/fernaru01.html,2009,2012,,false
Eric Fernsten,/players/f/fernser01.html,1976,1984,San Francisco,false
Rolando Ferreira,/players/f/ferrero01.html,1989,1989,Houston,false
Duane Ferrell,/players/f/ferredu01.html,1989,1999,Georgia Tech,false
Yogi Ferrell,/players/f/ferreyo01.html,2017,2019,Indiana,true
Danny Ferry,/players/f/ferryda01.html,1991,2003,Duke,false
Kyrylo Fesenko,/players/f/fesenky01.html,2008,2012,,false
Kenny Fields,/players/f/fieldke01.html,1985,1988,UCLA,false
Landry Fields,/players/f/fieldla01.html,2011,2015,Stanford,false
Michael Finley,/players/f/finlemi01.html,1996,2010,Wisconsin,false
Dorian Finney-Smith,/players/f/finnedo01.html,2017,2019,Florida,true
Matt Fish,/players/f/fishma01.html,1995,1997,UNC Wilmington,false
Derek Fisher,/players/f/fishede01.html,1997,2014,Little Rock,false
Gerald Fitch,/players/f/fitchge01.html,2006,2006,Kentucky,false
Marcus Fizer,/players/f/fizerma01.html,2001,2006,Iowa State,false
Al Fleming,/players/f/flemial01.html,1978,1978,Arizona,false
Vern Fleming,/players/f/flemive01.html,1985,1996,Georgia,false
Luis Flores,/players/f/florelu01.html,2005,2005,"Rutgers University, Manhattan College",false
Bruce Flowers,/players/f/flowebr01.html,1983,1983,Notre Dame,false
Sleepy Floyd,/players/f/floydsl01.html,1983,1995,Georgetown,false
Jonny Flynn,/players/f/flynnjo01.html,2010,2012,Syracuse,false
Mike Flynn,/players/f/flynnmi01.html,1976,1978,Kentucky,false
Isaac Fontaine,/players/f/fontais01.html,2002,2002,Washington State,false
Jeff Foote,/players/f/footeje01.html,2012,2012,Cornell University,false
Bryn Forbes,/players/f/forbebr01.html,2017,2019,Michigan State,true
Gary Forbes,/players/f/forbega01.html,2011,2012,"Virginia, UMass",false
Alphonso Ford,/players/f/fordal01.html,1994,1995,Mississippi Valley State University,false
Alton Ford,/players/f/fordal02.html,2002,2004,Houston,false
Chris Ford,/players/f/fordch01.html,1973,1982,Villanova,false
Don Ford,/players/f/forddo01.html,1976,1982,"New Mexico, University of California, Santa Barbara",false
Phil Ford,/players/f/fordph01.html,1979,1985,UNC,false
Sharrod Ford,/players/f/fordsh02.html,2006,2006,Clemson,false
Sherell Ford,/players/f/fordsh01.html,1996,1996,University of Illinois at Chicago,false
T.J. Ford,/players/f/fordtj01.html,2004,2012,Texas,false
Bayard Forrest,/players/f/forreba01.html,1978,1979,Grand Canyon University,false
Joseph Forte,/players/f/fortejo01.html,2002,2003,UNC,false
Courtney Fortson,/players/f/fortsco01.html,2012,2012,Arkansas,false
Danny Fortson,/players/f/fortsda01.html,1998,2007,Cincinnati,false
Fred Foster,/players/f/fostefr01.html,1969,1977,Miami University,false
Greg Foster,/players/f/fostegr01.html,1991,2003,"UCLA, Texas-El Paso",false
Jeff Foster,/players/f/fosteje01.html,2000,2012,Texas State University,false
Rod Foster,/players/f/fostero01.html,1984,1986,UCLA,false
Antonis Fotsis,/players/f/fotsian01.html,2002,2002,,false
Evan Fournier,/players/f/fournev01.html,2013,2019,,true
Tremaine Fowlkes,/players/f/fowlktr01.html,2002,2005,"Cal, Fresno State",false
De'Aaron Fox,/players/f/foxde01.html,2018,2019,Kentucky,true
Jim Fox,/players/f/foxji01.html,1968,1977,South Carolina,false
Rick Fox,/players/f/foxri01.html,1992,2004,UNC,false
Randy Foye,/players/f/foyera01.html,2007,2017,Villanova,false
Adonal Foyle,/players/f/foylead01.html,1998,2009,Colgate University,false
Richie Frahm,/players/f/frahmri01.html,2004,2008,Gonzaga,false
Steve Francis,/players/f/francst01.html,2000,2008,Maryland,false
Tellis Frank,/players/f/frankte01.html,1988,1994,Western Kentucky,false
Jamaal Franklin,/players/f/frankja01.html,2014,2015,San Diego State,false
Melvin Frazier,/players/f/frazime01.html,2019,2019,Tulane,true
Tim Frazier,/players/f/fraziti01.html,2015,2019,Penn State,true
Walt Frazier,/players/f/fraziwa01.html,1968,1980,Southern Illinois,false
Anthony Frederick,/players/f/fredean01.html,1989,1992,Pepperdine,false
Jimmer Fredette,/players/f/fredeji01.html,2012,2019,BYU,true
World B. Free,/players/f/freewo01.html,1976,1988,Guilford College,false
Joel Freeland,/players/f/freeljo01.html,2013,2015,,false
Matt Freije,/players/f/freijma01.html,2005,2007,Vanderbilt,false
Channing Frye,/players/f/fryech01.html,2006,2019,Arizona,true
Hiram Fuller,/players/f/fullehi01.html,2004,2004,Fresno State,false
Todd Fuller,/players/f/fulleto02.html,1997,2001,NC State,false
Tony Fuller,/players/f/fulleto01.html,1981,1981,Pepperdine,false
Markelle Fultz,/players/f/fultzma01.html,2018,2019,Washington,true
Lawrence Funderburke,/players/f/fundela01.html,1998,2005,"Indiana, Ohio State",false
Terry Furlow,/players/f/furlote01.html,1977,1980,Michigan State,false