name,link,year_from,year_to,college,active
Chris Kaman,/players/k/kamanch01.html,2004,2016,Central Michigan University,false
Frank Kaminsky,/players/k/kaminfr01.html,2016,2019,Wisconsin,true
Enes Kanter,/players/k/kanteen01.html,2012,2019,,true
Jason Kapono,/players/k/kaponja01.html,2004,2012,UCLA,false
Sergey Karasev,/players/k/karasse01.html,2014,2016,,false
Coby Karl,/players/k/karlco01.html,2008,2010,Boise State,false
George Karl,/players/k/karlge01.html,1974,1978,UNC,false
Mario Kasun,/players/k/kasunma01.html,2005,2006,,false
Sasha Kaun,/players/k/kaunsa01.html,2016,2016,Kansas,false
Clarence Kea,/players/k/keacl01.html,1981,1982,Lamar University,false
Adam Keefe,/players/k/keefead01.html,1993,2001,Stanford,false
Harold Keeling,/players/k/keeliha01.html,1986,1986,Santa Clara University,false
Rich Kelley,/players/k/kelleri01.html,1976,1986,Stanford,false
Clark Kellogg,/players/k/kellocl01.html,1983,1987,Ohio State,false
Ryan Kelly,/players/k/kellyry01.html,2014,2017,Duke,true
Greg Kelser,/players/k/kelsegr01.html,1980,1985,Michigan State,false
Shawn Kemp,/players/k/kempsh01.html,1990,2003,Trinity Valley Community College,false
Tim Kempton,/players/k/kemptti01.html,1987,1998,Notre Dame,false
Luke Kennard,/players/k/kennalu01.html,2018,2019,Duke,true
D.J. Kennedy,/players/k/kennedj01.html,2012,2012,St. John's,false
Goo Kennedy,/players/k/kennego01.html,1972,1977,TCU,false
Larry Kenon,/players/k/kenonla01.html,1974,1983,Memphis,false
Jonathan Kerner,/players/k/kernejo01.html,1999,1999,"Florida State, East Carolina University",false
Steve Kerr,/players/k/kerrst01.html,1989,2003,Arizona,false
Jerome Kersey,/players/k/kerseje01.html,1985,2001,Longwood University,false
Alec Kessler,/players/k/kesslal01.html,1991,1994,Georgia,false
Lari Ketner,/players/k/ketnela01.html,2000,2001,UMass,false
Randolph Keys,/players/k/keysra01.html,1989,1996,University of Southern Mississippi,false
Viktor Khryapa,/players/k/khryavi01.html,2005,2008,,false
Jason Kidd,/players/k/kiddja01.html,1995,2013,Cal,false
Warren Kidd,/players/k/kiddwa01.html,1994,1994,Middle Tennessee State University,false
Michael Kidd-Gilchrist,/players/k/kiddgmi01.html,2013,2019,Kentucky,true
Irv Kiffin,/players/k/kiffiir01.html,1980,1980,Oklahoma Baptist University,false
Carl Kilpatrick,/players/k/kilpaca01.html,1980,1980,University of Louisiana at Monroe,false
Sean Kilpatrick,/players/k/kilpase01.html,2015,2018,Cincinnati,true
Bo Kimble,/players/k/kimblbo01.html,1991,1993,"USC, Loyola Marymount University",false
Stan Kimbrough,/players/k/kimbrst01.html,1990,1993,"Central Florida, Xavier",false
Chad Kinch,/players/k/kinchch01.html,1981,1981,UNC Charlotte,false
Albert King,/players/k/kingal01.html,1982,1992,Maryland,false
Bernard King,/players/k/kingbe01.html,1978,1993,Tennessee,false
Chris King,/players/k/kingch01.html,1994,1999,Wake Forest,false
Frankie King,/players/k/kingfr01.html,1996,1997,Western Carolina University,false
George King,/players/k/kingge03.html,2019,2019,Colorado,true
Gerard King,/players/k/kingge02.html,1999,2001,Nicholls State University,false
Jimmy King,/players/k/kingji02.html,1996,1997,Michigan,false
Reggie King,/players/k/kingre01.html,1980,1985,Alabama,false
Rich King,/players/k/kingri01.html,1992,1995,Nebraska,false
Stacey King,/players/k/kingst01.html,1990,1997,Oklahoma,false
Tarence Kinsey,/players/k/kinseta01.html,2007,2009,South Carolina,false
Andrei Kirilenko,/players/k/kirilan01.html,2002,2015,,false
Alex Kirk,/players/k/kirkal01.html,2015,2015,New Mexico,false
Curtis Kitchen,/players/k/kitchcu01.html,1987,1987,University of South Florida,false
Greg Kite,/players/k/kitegr01.html,1984,1995,BYU,false
Kerry Kittles,/players/k/kittlke01.html,1997,2005,Villanova,false
Maxi Kleber,/players/k/klebima01.html,2018,2019,,true
Joe Kleine,/players/k/kleinjo01.html,1986,2000,"Notre Dame, Arkansas",false
Linas Kleiza,/players/k/kleizli01.html,2006,2013,Missouri,false
Billy Knight,/players/k/knighbi01.html,1975,1985,Pitt,false
Brandin Knight,/players/k/knighbr02.html,2005,2005,Pitt,false
Brandon Knight,/players/k/knighbr03.html,2012,2019,Kentucky,true
Brevin Knight,/players/k/knighbr01.html,1998,2009,Stanford,false
Negele Knight,/players/k/knighne01.html,1991,1999,Dayton,false
Toby Knight,/players/k/knighto01.html,1978,1982,Notre Dame,false
Travis Knight,/players/k/knightr01.html,1997,2003,UConn,false
Kevin Knox,/players/k/knoxke01.html,2019,2019,Kentucky,true
Bart Kofoed,/players/k/kofoeba01.html,1988,1993,"Hastings College, University of Nebraska at Kearney",false
Jon Koncak,/players/k/koncajo01.html,1986,1996,SMU,false
Joe Kopicki,/players/k/kopicjo01.html,1983,1985,Detroit Mercy,false
Furkan Korkmaz,/players/k/korkmfu01.html,2018,2019,,true
Frank Kornet,/players/k/kornefr01.html,1990,1991,Vanderbilt,false
Luke Kornet,/players/k/kornelu01.html,2018,2019,Vanderbilt,true
Yaroslav Korolev,/players/k/korolya01.html,2006,2007,,false
Kyle Korver,/players/k/korveky01.html,2004,2019,Creighton,true
Kosta Koufos,/players/k/koufoko01.html,2009,2019,Ohio State,true
Arvid Kramer,/players/k/kramear01.html,1980,1980,Augustana College (SD),false
Joel Kramer,/players/k/kramejo01.html,1979,1983,San Diego State,false
Viacheslav Kravtsov,/players/k/kravtvi01.html,2013,2014,,false
Wayne Kreklow,/players/k/kreklwa01.html,1981,1981,Drake University,false
Tom Kropp,/players/k/kroppto01.html,1976,1977,University of Nebraska at Kearney,false
Nenad Krstić,/players/k/krstine01.html,2005,2011,,false
Larry Krystkowiak,/players/k/krystla01.html,1987,1997,University of Montana,false
Steve Kuberski,/players/k/kuberst01.html,1970,1978,Bradley,false
Bruce Kuczenski,/players/k/kuczebr01.html,1984,1984,UConn,false
John Kuester,/players/k/kuestjo01.html,1978,1980,UNC,false
Toni Kukoč,/players/k/kukocto01.html,1994,2006,,false
Kevin Kunnert,/players/k/kunneke01.html,1974,1982,Iowa,false
Mitch Kupchak,/players/k/kupchmi01.html,1977,1986,UNC,false
C.J. Kupec,/players/k/kupeccj01.html,1976,1978,Michigan,false
Rodions Kurucs,/players/k/kurucro01.html,2019,2019,,true
Rob Kurz,/players/k/kurzro01.html,2009,2009,Notre Dame,false
Ibo Kutluay,/players/k/kutluib01.html,2005,2005,,false
Kyle Kuzma,/players/k/kuzmaky01.html,2018,2019,Utah,true
Ognjen Kuzmić,/players/k/kuzmiog01.html,2014,2015,,false
Mindaugas Kuzminskas,/players/k/kuzmimi01.html,2017,2018,,true